Business Name,Owner,WhatsApp,Email,Website,Instagram,Google Rating,Website Status,Improvement Suggestion,Personalized Outreach Message
Anytime Fitness Vastrapur,Not Publicly Available,+91 9979978249,Not Publicly Available,https://www.anytimefitness.co.in/,https://www.instagram.com/anytimefitnessin/,4.5,Responsive corporate page; lacks local community widgets and direct chat integrations.,Integrate a direct branch WhatsApp inquiry widget and a local trainer booking scheduler.,"Hey Anytime Fitness Vastrapur team! 👋 Noticed your amazing 4.5⭐ rating on Google maps. Your corporate page looks great, but did you know adding a direct WhatsApp chat widget to your local branch page can capture 3x more local walk-in trial leads? I built a quick prototype demonstrating how it looks. Would you be open to a 2-minute preview this week? - Sujal, Apex CRM"
Plus Fitness 24/7 Bodakdev,Not Publicly Available,+91 75750 29999,Not Publicly Available,https://www.plus.fitness/,https://www.instagram.com/plusfitness247india/,4.7,Responsive corporate portal; local branch landing page lacks live schedules.,Implement an interactive class timetable booking widget and instant WhatsApp query widget.,"Hello Plus Fitness 24/7 Bodakdev team! 👋 Love your Google ratings and modern machinery! I noticed your local landing page currently lacks a live schedule booking system, making it hard for prospects to schedule trials. We built a custom booking widget prototype tailored for Bodakdev. Can I send you a quick preview link to look at? - Sujal, Apex CRM"
SFW The Gym Bodakdev,Not Publicly Available,+91 84609 09414,info@sfwthegym.com,https://www.sfwthegym.com/,https://www.instagram.com/sfwthegym/,4.8,Functional website; relies on static pictures instead of dynamic media walkthroughs.,Embed a dynamic 3D virtual tour of the setup and direct calendar trial bookings.,"Hi SFW The Gym Bodakdev team! 👋 Your Judges Bungalow branch is legendary with 650+ reviews! I noticed your website uses static images instead of video walkthroughs of your premium setup. Embedding a dynamic 3D virtual tour could boost your online memberships by 35%. I designed a mockup showing this. Worth a quick look? - Sujal, Apex CRM"
SFW The Gym Gota,Not Publicly Available,+91 97277 33388,info@sfwthegym.com,https://www.sfwthegym.com/,https://www.instagram.com/sfwthegym/,4.7,Functional website; does not show location-specific schedules/trainers.,Create local landing tabs displaying specific Gota trainer profiles and seasonal offers.,"Hey SFW The Gym Gota team! 👋 Your Vandematram Road branch is highly rated! I noticed the website doesn't display your local Gota trainers' profiles or special local membership deals. Showing these can dramatically build trust. I've drafted a layout showing how this looks. Could I share it with you? - Sujal, Apex CRM"
Gold's Gym Satellite,Not Publicly Available,+91 98980 19784,info@goldsgym.in,https://goldsgym.in/,https://www.instagram.com/goldsgymindia/,4.6,Slow mobile loading speeds; generic corporate structures.,"Set up a lightweight, high-performance trial pass downloader and embed video testimonials.","Hello Gold's Gym Satellite team! 👋 You have a fantastic reputation in Shivranjani! I noticed the mobile site load speeds are a bit slow, which might cost you trial signups from mobile users. We designed a lightweight, high-performance trial pass downloader prototype for you. Can I drop a preview link here? - Sujal, Apex CRM"
Synergy Gym Ghodasar,Not Publicly Available,+91 87582 52580,Not Publicly Available,Not Publicly Available,Not Publicly Available,4.1,No Website listed on Google Maps listing.,Create a high-converting 1-page landing page featuring classes and an online inquiry widget.,"Hi Synergy Gym team! 👋 Noticed your fitness center in Smruti Mandir Road has great local feedback. However, you currently do not have a website listed on Google Maps, which makes it hard for prospects to check class schedules online. We built a custom 1-page landing page mockup for Synergy Gym. Can I send a link over? - Sujal, Apex CRM"
Anytime Fitness Navrangpura,Not Publicly Available,+91 98987 77423,Not Publicly Available,https://www.anytimefitness.co.in/,https://www.instagram.com/anytimefitnessin/,4.7,Responsive corporate template; lacks local social widgets and local chat support.,Integrate local Instagram feeds and add direct trainer scheduling widgets.,"Hey Anytime Fitness Navrangpura team! 👋 Noticed your Dynasty branch has a great 4.7⭐ profile. Your corporate page is clean, but local prospects often want to see live schedules before visiting. Adding a local schedule slider can boost conversion rates. We built a layout prototype showing this. Can I share a screenshot? - Sujal, Apex CRM"
Cult Gym Mithakhali,Not Publicly Available,+91 020 6311 5899,hello@cult.fit,https://www.cult.fit/,https://www.instagram.com/cultfitindia/,4.5,"Great app booking, but mobile web landing lacks simple inquiry options.",Add a simple WhatsApp inquiry trigger to capture users browsing without app installations.,"Hi Cult Gym Mithakhali team! 👋 Great setup at Prerna Arbour! Your app booking is top-notch, but users browsing on mobile web without the app installed often leave without inquiring. Adding a quick WhatsApp query widget can capture these lost leads. I've designed a mockup of this for you. Open to a quick preview? - Sujal, Apex CRM"
HR Fitness Gym Maninagar,Not Publicly Available,+91 99985 11514,Not Publicly Available,http://www.hrfitnessgym.com/,Not Publicly Available,4.3,Outdated design with mobile layout grids overlap issues; no inquiry form.,Redevelop as a modern mobile-responsive landing page with interactive class tables.,"Hello HR Fitness Gym Maninagar team! 👋 Love your Krishnabag setup and rooftop cafe concept! I noticed your website has some layout issues on mobile screens and lacks an online enquiry form. We developed a modern, mobile-friendly landing page prototype with direct booking forms for you. Can I share the demo link? - Sujal, Apex CRM"
CNC The Fitness Club Jashoda Nagar,Not Publicly Available,+91 99095 73573,Not Publicly Available,Not Publicly Available,Not Publicly Available,4.4,No Website listed on Google Maps listing.,"Build a modern landing page displaying facilities, trainers, and a free trial CTA.","Hi CNC The Fitness Club team! 👋 Your Suncor Plaza location has a solid 4.4⭐ rating! I noticed you don't have a website link on your Google Maps listing, which makes it hard for new residents to view your facilities online. We created a premium 1-page landing page prototype for CNC. Can I send a preview link? - Sujal, Apex CRM"
